timestamp,open,high,low,close,volume,close_time,quote_asset_volume,number_of_trades,taker_buy_base_asset_volume,taker_buy_quote_asset_volume,ignore
2022-01-05,0.79100000,0.89000000,0.68270000,0.74350000,1757219.00000000,1641427199999,1334810.36980000,5285,725255.00000000,549236.07810000,0
2022-01-06,0.73880000,0.87500000,0.65000000,0.77810000,5888949.00000000,1641513599999,4540477.60030000,12518,2557043.00000000,1951265.38890000,0
2022-01-07,0.78250000,0.81300000,0.68960000,0.69970000,2033499.00000000,1641599999999,1485952.99400000,8340,926587.00000000,677572.09440000,0
2022-01-08,0.69960000,0.78000000,0.56470000,0.63390000,4957578.00000000,1641686399999,3251676.05890000,17429,2172776.00000000,1427314.47260000,0
2022-01-09,0.63400000,0.69380000,0.62570000,0.66020000,2131338.00000000,1641772799999,1408140.64660000,10514,1052089.00000000,692593.64620000,0
2022-01-10,0.66020000,0.67170000,0.56600000,0.60340000,1731044.00000000,1641859199999,1063580.64330000,7066,860925.00000000,530006.38390000,0
2022-01-11,0.60390000,0.70770000,0.55000000,0.68260000,3453127.00000000,1641945599999,2172921.25820000,12130,1535126.00000000,970946.98990000,0
2022-01-12,0.68290000,0.78000000,0.68090000,0.74050000,3415479.00000000,1642031999999,2485509.01040000,13414,1598240.00000000,1163567.24420000,0
2022-01-13,0.74180000,0.90870000,0.74180000,0.83910000,6344931.00000000,1642118399999,5411762.10010000,30046,3293661.00000000,2811768.00730000,0
2022-01-14,0.83990000,0.97240000,0.81830000,0.96000000,3571908.00000000,1642204799999,3170890.05070000,16873,1907191.00000000,1688837.56190000,0
2022-01-15,0.96380000,1.02500000,0.89290000,0.89590000,1844066.00000000,1642291199999,1720906.93200000,8351,851488.00000000,799516.48240000,0
2022-01-16,0.89500000,1.07590000,0.87530000,1.03170000,2991526.00000000,1642377599999,2963293.38720000,12975,1547310.00000000,1527196.73160000,0
2022-01-17,1.03200000,1.07730000,0.93030000,0.94560000,4102019.00000000,1642463999999,4153705.42050000,15697,1900517.00000000,1924263.20520000,0
2022-01-18,0.94560000,0.97910000,0.85310000,0.91690000,4105754.00000000,1642550399999,3681411.35900000,13159,2506934.00000000,2240933.36870000,0
2022-01-19,0.91470000,0.97050000,0.84170000,0.84740000,2267250.00000000,1642636799999,2052470.33160000,7963,1144892.00000000,1041342.17310000,0
2022-01-20,0.84780000,0.86910000,0.74670000,0.75760000,2418904.00000000,1642723199999,1961319.29150000,9613,998180.00000000,812202.04940000,0
2022-01-21,0.75420000,0.77330000,0.60420000,0.63650000,3500018.00000000,1642809599999,2400168.84200000,13846,1456921.00000000,1009385.02760000,0
2022-01-22,0.63350000,0.67270000,0.46290000,0.54840000,7794544.00000000,1642895999999,4297817.74360000,24855,3716206.00000000,2053649.87100000,0
2022-01-23,0.54850000,0.65580000,0.53960000,0.61060000,8179886.00000000,1642982399999,4930305.68360000,26654,4276098.00000000,2566824.60310000,0
2022-01-24,0.60780000,0.60780000,0.49800000,0.57350000,7936881.00000000,1643068799999,4330781.62720000,27070,4256911.00000000,2325455.67390000,0
2022-01-25,0.57360000,0.57730000,0.53000000,0.55310000,3295569.00000000,1643155199999,1830358.56280000,13616,1554078.00000000,863566.05900000,0
2022-01-26,0.55420000,0.69770000,0.53790000,0.60200000,6222260.00000000,1643241599999,3831581.21530000,21642,3016149.00000000,1867375.22170000,0
2022-01-27,0.60140000,0.70620000,0.57770000,0.65200000,7949055.00000000,1643327999999,5115605.17650000,31534,3854548.00000000,2495760.76150000,0
2022-01-28,0.65210000,0.67940000,0.59000000,0.62750000,5988177.00000000,1643414399999,3743831.33050000,15708,3093553.00000000,1936277.97100000,0
2022-01-29,0.62690000,0.66240000,0.59710000,0.60240000,1807412.00000000,1643500799999,1129669.56660000,6381,914013.00000000,573342.93030000,0
2022-01-30,0.60260000,0.61180000,0.55600000,0.55930000,1366544.00000000,1643587199999,800253.23050000,4350,608010.00000000,357264.90490000,0
2022-01-31,0.55960000,0.58030000,0.52440000,0.54170000,2482576.00000000,1643673599999,1361460.54010000,7166,1173592.00000000,643598.02180000,0
2022-02-01,0.54000000,0.56420000,0.52190000,0.52910000,2485789.00000000,1643759999999,1354050.63610000,5057,1073034.00000000,585406.65070000,0
2022-02-02,0.52910000,0.53840000,0.46290000,0.46610000,2323289.00000000,1643846399999,1167442.29190000,4409,1074772.00000000,543581.94280000,0
2022-02-03,0.46720000,0.48170000,0.44280000,0.47680000,1833328.00000000,1643932799999,847261.92580000,3810,917151.00000000,424344.89530000,0
2022-02-04,0.47680000,0.54240000,0.46730000,0.53250000,3021900.00000000,1644019199999,1515805.88950000,6909,1570604.00000000,790528.98660000,0
2022-02-05,0.53320000,0.57450000,0.51120000,0.52230000,2326399.00000000,1644105599999,1265711.64290000,5886,1176878.00000000,642367.63100000,0
2022-02-06,0.52090000,0.53890000,0.50390000,0.53180000,1352871.00000000,1644191999999,706214.77970000,3374,681699.00000000,356234.74940000,0
2022-02-07,0.53190000,0.61930000,0.51210000,0.60370000,4543081.00000000,1644278399999,2625652.61980000,11938,2107589.00000000,1215924.54170000,0
2022-02-08,0.60330000,0.60830000,0.51780000,0.54480000,2505564.00000000,1644364799999,1391985.66380000,7405,1205230.00000000,670630.04400000,0
2022-02-09,0.54590000,0.58710000,0.53230000,0.56680000,2025601.00000000,1644451199999,1137429.84310000,5140,1017712.00000000,572757.47770000,0
2022-02-10,0.56760000,0.57240000,0.51140000,0.51520000,2229023.00000000,1644537599999,1206487.76450000,5857,1193780.00000000,646756.21840000,0
2022-02-11,0.51370000,0.53660000,0.44190000,0.45050000,2536136.00000000,1644623999999,1258987.36800000,6610,1135761.00000000,565049.76570000,0
2022-02-12,0.44920000,0.47770000,0.42690000,0.45570000,1546898.00000000,1644710399999,698900.65950000,3652,666306.00000000,301701.98510000,0
2022-02-13,0.45340000,0.45900000,0.41750000,0.42030000,990032.00000000,1644796799999,434529.00770000,2265,426842.00000000,188059.39800000,0
2022-02-14,0.42080000,0.44580000,0.40040000,0.44050000,1688895.00000000,1644883199999,708406.32450000,3412,764045.00000000,321231.11200000,0
2022-02-15,0.44120000,0.49260000,0.43500000,0.46860000,2556030.00000000,1644969599999,1177168.94920000,5079,1311976.00000000,606161.60760000,0
2022-02-16,0.46790000,0.46990000,0.43420000,0.44830000,1229790.00000000,1645055999999,555785.70550000,2226,633171.00000000,286000.97410000,0
2022-02-17,0.44880000,0.46220000,0.40130000,0.40620000,1637984.00000000,1645142399999,717702.46780000,4134,681080.00000000,299780.74560000,0
2022-02-18,0.40590000,0.45390000,0.40330000,0.41910000,1564417.00000000,1645228799999,653448.23220000,3688,853957.00000000,357866.42490000,0
2022-02-19,0.42110000,0.45230000,0.41060000,0.41980000,2589074.00000000,1645315199999,1115286.02050000,5242,1236076.00000000,534023.22020000,0
2022-02-20,0.41890000,0.41890000,0.36520000,0.37940000,2359164.00000000,1645401599999,905929.56020000,3555,1099311.00000000,421655.11870000,0
2022-02-21,0.37940000,0.41420000,0.33770000,0.33980000,3808194.00000000,1645487999999,1424413.71200000,4958,1694081.00000000,633226.15310000,0
2022-02-22,0.34110000,0.35690000,0.32370000,0.35350000,1913835.00000000,1645574399999,650621.88520000,2131,889077.00000000,302857.87060000,0
2022-02-23,0.35340000,0.36730000,0.32870000,0.32890000,1998993.00000000,1645660799999,705718.76370000,2154,844964.00000000,299136.79700000,0
2022-02-24,0.32870000,0.33510000,0.28100000,0.33140000,3281952.00000000,1645747199999,995211.67080000,4136,1727096.00000000,524741.18170000,0
2022-02-25,0.32990000,0.35450000,0.32140000,0.35230000,2622990.00000000,1645833599999,889466.65170000,2873,1345048.00000000,458351.89480000,0
2022-02-26,0.35110000,0.36070000,0.34060000,0.35060000,1619510.00000000,1645919999999,567657.77680000,1727,788864.00000000,276762.96990000,0
2022-02-27,0.35080000,0.35410000,0.31340000,0.31810000,1426170.00000000,1646006399999,478202.77340000,2027,615642.00000000,206917.42950000,0
2022-02-28,0.31660000,0.37020000,0.31170000,0.36690000,2599707.00000000,1646092799999,885173.84710000,3081,1359256.00000000,462013.08080000,0
2022-03-01,0.36710000,0.45000000,0.36630000,0.42170000,6926647.00000000,1646179199999,2821356.01440000,11700,3732569.00000000,1517190.82660000,0
2022-03-02,0.42190000,0.44240000,0.40070000,0.40300000,2933010.00000000,1646265599999,1236203.45360000,6347,1420674.00000000,598588.60910000,0
2022-03-03,0.40360000,0.40750000,0.36270000,0.36880000,1626330.00000000,1646351999999,624366.09610000,2785,722909.00000000,276432.10640000,0
2022-03-04,0.36830000,0.38350000,0.33930000,0.34600000,2100329.00000000,1646438399999,765656.84630000,3741,810786.00000000,297157.62640000,0
2022-03-05,0.34520000,0.37550000,0.33290000,0.36380000,1590881.00000000,1646524799999,562716.32210000,2113,746847.00000000,264969.95250000,0
2022-03-06,0.36260000,0.36740000,0.32310000,0.32410000,1776240.00000000,1646611199999,609263.79400000,2226,827402.00000000,284275.65040000,0
2022-03-07,0.32470000,0.33870000,0.30440000,0.31630000,2471695.00000000,1646697599999,793764.05150000,2354,1136919.00000000,366822.09350000,0
2022-03-08,0.31650000,0.38630000,0.31150000,0.34200000,2158783.00000000,1646783999999,701705.07460000,2778,1433847.00000000,467706.53090000,0
2022-03-09,0.34170000,0.38770000,0.33520000,0.36230000,4984426.00000000,1646870399999,1813175.51650000,6789,2469310.00000000,898281.97220000,0
2022-03-10,0.36090000,0.36460000,0.31660000,0.33000000,2119769.00000000,1646956799999,709604.64980000,2630,899868.00000000,301689.81900000,0
2022-03-11,0.33070000,0.34100000,0.31270000,0.31530000,1179271.00000000,1647043199999,384557.55810000,1739,448851.00000000,147449.12700000,0
2022-03-12,0.31500000,0.32400000,0.29920000,0.29920000,667865.00000000,1647129599999,208087.06510000,1031,214384.00000000,67594.07860000,0
2022-03-13,0.29910000,0.31000000,0.29340000,0.29380000,1334718.00000000,1647215999999,406760.97260000,1165,605632.00000000,184485.16710000,0
2022-03-14,0.29380000,0.31230000,0.28840000,0.31190000,1381599.00000000,1647302399999,414920.04180000,1501,680358.00000000,204618.02640000,0
2022-03-15,0.31120000,0.34920000,0.29030000,0.33370000,2930048.00000000,1647388799999,956278.24850000,4283,1513694.00000000,495873.27370000,0
2022-03-16,0.33480000,0.35560000,0.31230000,0.33680000,3602587.00000000,1647475199999,1205146.07960000,4189,1561338.00000000,522965.68770000,0
2022-03-17,0.33640000,0.34550000,0.31560000,0.32260000,1358590.00000000,1647561599999,453314.91920000,2080,614164.00000000,205440.26800000,0
2022-03-18,0.32260000,0.34280000,0.31240000,0.33700000,1908427.00000000,1647647999999,619433.01490000,1865,1036068.00000000,335744.34040000,0
2022-03-19,0.33810000,0.37020000,0.33450000,0.35250000,1600463.00000000,1647734399999,568192.89730000,2587,823613.00000000,291769.79480000,0
2022-03-20,0.35510000,0.35620000,0.33150000,0.33990000,1173099.00000000,1647820799999,401897.89690000,1839,578671.00000000,198315.80990000,0
2022-03-21,0.33930000,0.36410000,0.33320000,0.34440000,1551905.00000000,1647907199999,541305.35960000,2206,746430.00000000,261093.69480000,0
2022-03-22,0.34350000,0.40000000,0.33300000,0.37160000,4092681.00000000,1647993599999,1523651.96570000,5351,2116675.00000000,791232.45570000,0
2022-03-23,0.37190000,0.37970000,0.35940000,0.37530000,1531608.00000000,1648079999999,563987.98330000,2290,751310.00000000,276406.28610000,0
2022-03-24,0.37630000,0.38060000,0.35050000,0.36240000,1857671.00000000,1648166399999,675631.19550000,2515,730457.00000000,266084.48370000,0
2022-03-25,0.36280000,0.39620000,0.35160000,0.35550000,2642990.00000000,1648252799999,991252.63370000,4961,1416884.00000000,532598.67210000,0
2022-03-26,0.35480000,0.37430000,0.34560000,0.37210000,1350287.00000000,1648339199999,491330.73310000,2241,630840.00000000,229551.16670000,0
2022-03-27,0.37200000,0.39220000,0.36250000,0.39090000,1934175.00000000,1648425599999,730424.57590000,2999,933550.00000000,353159.42070000,0
2022-03-28,0.39140000,0.41650000,0.37660000,0.38110000,2801135.00000000,1648511999999,1128519.29690000,4709,1418518.00000000,572175.35690000,0
2022-03-29,0.38260000,0.47040000,0.38260000,0.45930000,6768218.00000000,1648598399999,2983692.67260000,12506,3466670.00000000,1524742.99120000,0
2022-03-30,0.45970000,0.55270000,0.43850000,0.48270000,13012035.00000000,1648684799999,6623163.54890000,25812,6734300.00000000,3427386.38260000,0
2022-03-31,0.48190000,0.53620000,0.45150000,0.49730000,5361119.00000000,1648771199999,2646832.98940000,11392,2663578.00000000,1316774.52280000,0
2022-04-01,0.49710000,0.51450000,0.46480000,0.48170000,4677250.00000000,1648857599999,2304122.19190000,11136,2267295.00000000,1117108.69420000,0
2022-04-02,0.48030000,0.53990000,0.46070000,0.46180000,4575059.00000000,1648943999999,2322925.31110000,10367,2181587.00000000,1106320.84590000,0
2022-04-03,0.46300000,0.50790000,0.45940000,0.47940000,2157341.00000000,1649030399999,1034214.94920000,5028,1118863.00000000,537434.94950000,0
2022-04-04,0.48020000,0.48030000,0.42810000,0.45630000,2878430.00000000,1649116799999,1315642.51250000,4849,1383265.00000000,633363.10430000,0
2022-04-05,0.45710000,0.48340000,0.43300000,0.43490000,2963951.00000000,1649203199999,1374543.69890000,4933,1587309.00000000,738322.40550000,0
2022-04-06,0.43470000,0.44560000,0.39100000,0.39100000,2363830.00000000,1649289599999,988686.03700000,5388,1128250.00000000,472639.35640000,0
2022-04-07,0.39080000,0.42270000,0.38220000,0.40630000,1867081.00000000,1649375999999,753825.00660000,3396,902655.00000000,364976.02160000,0
2022-04-08,0.40570000,0.41420000,0.35660000,0.35940000,2155067.00000000,1649462399999,838753.35890000,3197,1081362.00000000,422610.49250000,0
2022-04-09,0.35960000,0.36970000,0.35140000,0.36560000,1567656.00000000,1649548799999,565910.43130000,2438,672661.00000000,243131.21680000,0
2022-04-10,0.36410000,0.37580000,0.34640000,0.34780000,1550759.00000000,1649635199999,561069.82070000,2680,710438.00000000,257097.11520000,0
2022-04-11,0.34730000,0.34900000,0.31230000,0.32110000,2211373.00000000,1649721599999,730880.86570000,3393,1004673.00000000,332273.07780000,0
2022-04-12,0.32230000,0.37100000,0.31990000,0.34410000,4836222.00000000,1649807999999,1677273.68040000,7462,2345206.00000000,814057.92850000,0
2022-04-13,0.34550000,0.37380000,0.33740000,0.36240000,2502951.00000000,1649894399999,894135.29590000,4147,1266582.00000000,453589.17360000,0
2022-04-14,0.36240000,0.39100000,0.34100000,0.34780000,1882164.00000000,1649980799999,672274.81700000,3767,991228.00000000,354832.03330000,0
2022-04-15,0.34780000,0.36400000,0.33540000,0.34310000,780092.00000000,1650067199999,272982.16140000,2041,349906.00000000,122885.90370000,0
2022-04-16,0.34220000,0.35380000,0.33680000,0.33690000,546841.00000000,1650153599999,188783.84140000,1436,261232.00000000,90367.97090000,0
2022-04-17,0.33710000,0.35620000,0.32270000,0.32550000,795538.00000000,1650239999999,272319.62900000,1906,357938.00000000,122762.53740000,0
2022-04-18,0.32330000,0.34160000,0.30820000,0.33840000,1522465.00000000,1650326399999,494144.19160000,2219,725900.00000000,236203.13930000,0
2022-04-19,0.33830000,0.35520000,0.33310000,0.35170000,1430224.00000000,1650412799999,492192.02340000,1980,675564.00000000,232616.64660000,0
2022-04-20,0.35120000,0.37020000,0.34310000,0.35220000,1575913.00000000,1650499199999,562806.04690000,2766,747330.00000000,267347.84790000,0
2022-04-21,0.35230000,0.37300000,0.32210000,0.32960000,2034336.00000000,1650585599999,715393.60220000,3576,915373.00000000,323895.37530000,0
2022-04-22,0.32860000,0.34180000,0.32330000,0.32950000,1160697.00000000,1650671999999,384864.79370000,1789,625150.00000000,207523.02310000,0
2022-04-23,0.32950000,0.33630000,0.32040000,0.32890000,528743.00000000,1650758399999,174812.73500000,1102,249085.00000000,82597.34060000,0
2022-04-24,0.33070000,0.33910000,0.31100000,0.31100000,802660.00000000,1650844799999,259295.59610000,1389,381194.00000000,123149.45150000,0
2022-04-25,0.31210000,0.33000000,0.28740000,0.30800000,2088317.00000000,1650931199999,625307.14720000,2673,1011530.00000000,304250.77970000,0
2022-04-26,0.30800000,0.31580000,0.26880000,0.27360000,2401405.00000000,1651017599999,694531.17540000,2528,1253353.00000000,361719.90160000,0
2022-04-27,0.27520000,0.29190000,0.27110000,0.28480000,935287.00000000,1651103999999,266362.92340000,1435,480313.00000000,137172.39240000,0
2022-04-28,0.28440000,0.29580000,0.26970000,0.27220000,1080287.00000000,1651190399999,305582.47970000,1484,485451.00000000,137410.44610000,0
2022-04-29,0.27240000,0.27660000,0.24820000,0.25280000,981131.00000000,1651276799999,256184.71150000,1053,422140.00000000,110348.37220000,0
2022-04-30,0.25220000,0.26310000,0.20900000,0.21970000,1528590.00000000,1651363199999,365759.59460000,1639,622161.00000000,149764.67490000,0
2022-05-01,0.22120000,0.24400000,0.21510000,0.23810000,1219667.00000000,1651449599999,277754.52990000,1687,613587.00000000,139734.56270000,0
2022-05-02,0.23810000,0.24300000,0.21680000,0.22670000,2202936.00000000,1651535999999,508285.70000000,1850,1026455.00000000,237084.77810000,0
2022-05-03,0.22670000,0.24460000,0.22100000,0.22510000,1999889.00000000,1651622399999,467959.70780000,1970,936092.00000000,219081.96860000,0
2022-05-04,0.22510000,0.25660000,0.22460000,0.25620000,1661911.00000000,1651708799999,400681.85100000,1800,809596.00000000,195097.86920000,0
2022-05-05,0.25670000,0.26030000,0.21830000,0.22910000,1671561.00000000,1651795199999,401487.72310000,1986,726746.00000000,175408.88400000,0
2022-05-06,0.22930000,0.22970000,0.21610000,0.22610000,1522081.00000000,1651881599999,339627.54700000,1444,773193.00000000,172639.71280000,0
2022-05-07,0.22580000,0.22740000,0.20290000,0.20970000,851672.00000000,1651967999999,185230.96340000,927,439846.00000000,95549.43070000,0
2022-05-08,0.20990000,0.21840000,0.20510000,0.20920000,924637.00000000,1652054399999,196249.03300000,865,394275.00000000,83819.14230000,0
2022-05-09,0.21120000,0.21600000,0.16310000,0.16370000,2058608.00000000,1652140799999,385035.51710000,1748,876407.00000000,163320.97380000,0
2022-05-10,0.16430000,0.18810000,0.15900000,0.16690000,2749891.00000000,1652227199999,483742.91140000,2301,1195829.00000000,210642.26810000,0
2022-05-11,0.16680000,0.17240000,0.11080000,0.12490000,5159148.00000000,1652313599999,682652.81630000,3857,2317492.00000000,306123.99050000,0
2022-05-12,0.12530000,0.14480000,0.09500000,0.13410000,3849442.00000000,1652399999999,475998.06030000,3315,1888279.00000000,234185.97030000,0
2022-05-13,0.13370000,0.16660000,0.12990000,0.14010000,2861681.00000000,1652486399999,432269.60910000,3386,1329045.00000000,201251.17600000,0
2022-05-14,0.14040000,0.14460000,0.12660000,0.14360000,2548755.00000000,1652572799999,344718.59530000,2335,1308386.00000000,177514.65330000,0
2022-05-15,0.14250000,0.15300000,0.13550000,0.15140000,1918501.00000000,1652659199999,273957.78240000,1933,863088.00000000,123704.72420000,0
2022-05-16,0.15010000,0.15040000,0.13280000,0.13890000,2491711.00000000,1652745599999,345447.47050000,1768,1110352.00000000,154629.44050000,0
2022-05-17,0.13900000,0.15680000,0.13500000,0.14600000,2719779.00000000,1652831999999,396800.73170000,2175,1156116.00000000,169420.41680000,0
2022-05-18,0.14600000,0.14870000,0.12340000,0.12380000,4222339.00000000,1652918399999,564725.54550000,2591,1946570.00000000,261429.92020000,0
2022-05-19,0.12460000,0.13550000,0.11990000,0.13410000,1904646.00000000,1653004799999,243572.00770000,1225,932328.00000000,119268.06350000,0
2022-05-20,0.13400000,0.13700000,0.12300000,0.12810000,2032871.00000000,1653091199999,263605.13390000,1183,1071792.00000000,139328.03160000,0
2022-05-21,0.12760000,0.13830000,0.12550000,0.13620000,1245486.00000000,1653177599999,164262.35490000,883,631689.00000000,83422.02260000,0
2022-05-22,0.13560000,0.14520000,0.13180000,0.14290000,2394929.00000000,1653263999999,337690.06700000,1591,1079524.00000000,152121.27660000,0
2022-05-23,0.14390000,0.14920000,0.13260000,0.13500000,2236571.00000000,1653350399999,323376.85670000,1558,1059769.00000000,153159.79750000,0
2022-05-24,0.13550000,0.15670000,0.12940000,0.15340000,4706686.00000000,1653436799999,688356.62890000,2793,1906003.00000000,277301.64410000,0
2022-05-25,0.15330000,0.15670000,0.13550000,0.13900000,3538433.00000000,1653523199999,510238.88900000,2175,1646659.00000000,237548.43190000,0
2022-05-26,0.13960000,0.14310000,0.12220000,0.12860000,2218431.00000000,1653609599999,289829.82470000,1325,942987.00000000,123804.46770000,0
2022-05-27,0.12870000,0.13090000,0.11950000,0.12270000,1090144.00000000,1653695999999,136080.46430000,972,489324.00000000,61409.36550000,0
2022-05-28,0.12290000,0.12960000,0.12190000,0.12860000,1105725.00000000,1653782399999,139675.29700000,687,698255.00000000,88636.70230000,0
2022-05-29,0.12860000,0.13670000,0.12550000,0.13390000,1908142.00000000,1653868799999,247856.33250000,947,973527.00000000,126848.39990000,0
2022-05-30,0.13420000,0.14700000,0.13420000,0.14530000,2291109.00000000,1653955199999,323349.13110000,1739,1028865.00000000,145593.56700000,0
2022-05-31,0.14630000,0.16360000,0.13940000,0.15030000,2865601.00000000,1654041599999,429744.87740000,2365,1455189.00000000,218196.57100000,0
2022-06-01,0.15000000,0.15430000,0.13090000,0.13570000,2277770.00000000,1654127999999,329476.95180000,1738,847880.00000000,122614.30170000,0
2022-06-02,0.13530000,0.14220000,0.13320000,0.14110000,1850359.00000000,1654214399999,252686.40420000,856,879742.00000000,120595.88770000,0
2022-06-03,0.14080000,0.14120000,0.12880000,0.13730000,1075921.00000000,1654300799999,144170.67510000,871,394439.00000000,52823.36340000,0
2022-06-04,0.13610000,0.14610000,0.13420000,0.13980000,1420668.00000000,1654387199999,200547.34890000,1111,805389.00000000,113559.70890000,0
2022-06-05,0.14100000,0.14210000,0.13630000,0.14120000,323610.00000000,1654473599999,45022.93600000,353,174300.00000000,24275.34020000,0
2022-06-06,0.14030000,0.15140000,0.14030000,0.14760000,805446.00000000,1654559999999,118918.93650000,761,342437.00000000,50518.16250000,0
2022-06-07,0.14660000,0.16320000,0.13680000,0.15670000,2615397.00000000,1654646399999,401207.02670000,2869,1370248.00000000,209811.10130000,0
2022-06-08,0.15700000,0.16000000,0.14440000,0.14520000,1677354.00000000,1654732799999,256691.02470000,1395,764333.00000000,116989.33670000,0
2022-06-09,0.14570000,0.15830000,0.14530000,0.14750000,1419686.00000000,1654819199999,214437.01910000,1357,704048.00000000,106206.98960000,0
2022-06-10,0.14820000,0.14960000,0.13040000,0.13280000,1331742.00000000,1654905599999,184801.79700000,1108,453425.00000000,63023.52720000,0
2022-06-11,0.13290000,0.13610000,0.11370000,0.11570000,1163986.00000000,1654991999999,143338.61040000,1028,385169.00000000,47883.45050000,0
2022-06-12,0.11610000,0.12460000,0.10520000,0.10920000,1901790.00000000,1655078399999,219117.30440000,1488,799517.00000000,92718.49040000,0
2022-06-13,0.10960000,0.20350000,0.09850000,0.14910000,108038045.00000000,1655164799999,17293555.53690000,90901,52493881.00000000,8421439.15980000,0
2022-06-14,0.14890000,0.15660000,0.12080000,0.12610000,32061382.00000000,1655251199999,4509209.42720000,24031,15876100.00000000,2234459.75860000,0
2022-06-15,0.12580000,0.13000000,0.11230000,0.12830000,10793285.00000000,1655337599999,1324727.59720000,5262,5567047.00000000,683179.01160000,0
2022-06-16,0.12830000,0.13100000,0.11040000,0.11330000,3697004.00000000,1655423999999,441832.26450000,2072,1516202.00000000,181689.38890000,0
2022-06-17,0.11270000,0.12900000,0.11270000,0.12120000,5533079.00000000,1655510399999,678538.38460000,3191,2847437.00000000,350319.60920000,0
2022-06-18,0.12120000,0.12220000,0.10280000,0.11000000,2956811.00000000,1655596799999,324153.49390000,1837,1348970.00000000,148044.00070000,0
2022-06-19,0.11000000,0.11890000,0.10670000,0.11660000,4404764.00000000,1655683199999,504319.33830000,2003,1995117.00000000,228459.45310000,0
2022-06-20,0.11660000,0.12030000,0.10810000,0.11640000,3821383.00000000,1655769599999,439358.47390000,1819,1801580.00000000,209036.55550000,0
2022-06-21,0.11630000,0.14000000,0.11490000,0.12750000,8464153.00000000,1655855999999,1124573.61380000,5516,4126651.00000000,546567.59790000,0
2022-06-22,0.12800000,0.12800000,0.11890000,0.12250000,2437184.00000000,1655942399999,299567.69730000,1538,1173909.00000000,144383.79020000,0
2022-06-23,0.12220000,0.13180000,0.12220000,0.12930000,3480508.00000000,1656028799999,445943.47700000,1958,1535372.00000000,197107.29480000,0
2022-06-24,0.12990000,0.15220000,0.12860000,0.14970000,7615284.00000000,1656115199999,1092800.77480000,4923,3917097.00000000,563093.20390000,0
2022-06-25,0.14970000,0.15110000,0.13740000,0.14540000,2171981.00000000,1656201599999,313021.69390000,1968,1056038.00000000,152620.99510000,0
2022-06-26,0.14530000,0.15360000,0.13890000,0.13910000,2063795.00000000,1656287999999,304261.51400000,1924,949747.00000000,140111.94490000,0
2022-06-27,0.13990000,0.14850000,0.13180000,0.13500000,2505748.00000000,1656374399999,344213.15390000,1693,1026379.00000000,141860.86020000,0
2022-06-28,0.13480000,0.13820000,0.12550000,0.12640000,1743956.00000000,1656460799999,231398.21030000,1107,868686.00000000,116247.03750000,0
2022-06-29,0.12610000,0.12820000,0.12010000,0.12150000,1372017.00000000,1656547199999,168652.04460000,1013,576420.00000000,71145.85730000,0
2022-06-30,0.12070000,0.12070000,0.10580000,0.11220000,4105744.00000000,1656633599999,455910.92880000,2069,1741395.00000000,193269.24500000,0
2022-07-01,0.11180000,0.11570000,0.10440000,0.10940000,5815270.00000000,1656719999999,636541.29510000,2429,2684086.00000000,294156.87450000,0
2022-07-02,0.10940000,0.12020000,0.10670000,0.11220000,11334026.00000000,1656806399999,1290593.93400000,4959,5563661.00000000,634776.85570000,0
2022-07-03,0.11260000,0.11490000,0.10940000,0.11340000,3407761.00000000,1656892799999,383013.12920000,1543,1561007.00000000,175702.56820000,0
2022-07-04,0.11350000,0.11950000,0.10920000,0.11830000,3458510.00000000,1656979199999,393600.95760000,1535,1754478.00000000,199214.76950000,0
2022-07-05,0.11860000,0.12090000,0.11150000,0.11490000,2838581.00000000,1657065599999,329978.77970000,1123,1238338.00000000,143956.20080000,0
2022-07-06,0.11560000,0.11870000,0.11140000,0.11700000,1929368.00000000,1657151999999,222699.39890000,989,671714.00000000,77468.46060000,0
2022-07-07,0.11710000,0.13180000,0.11600000,0.12630000,5754353.00000000,1657238399999,707824.36020000,2929,2855202.00000000,350917.51520000,0
2022-07-08,0.12550000,0.12910000,0.11690000,0.12020000,3282816.00000000,1657324799999,400383.83510000,2046,1436838.00000000,176208.34680000,0
2022-07-09,0.12100000,0.13000000,0.12100000,0.12670000,1582646.00000000,1657411199999,199153.34530000,1274,764869.00000000,96161.06740000,0
2022-07-10,0.12670000,0.12670000,0.11590000,0.11940000,1287865.00000000,1657497599999,154737.32660000,993,516306.00000000,61731.43450000,0
2022-07-11,0.11890000,0.11970000,0.11070000,0.11100000,1292155.00000000,1657583999999,149543.80610000,883,571150.00000000,66077.57220000,0
2022-07-12,0.11130000,0.11350000,0.10350000,0.10350000,1902118.00000000,1657670399999,207489.24860000,922,893297.00000000,97472.22210000,0
2022-07-13,0.10400000,0.11240000,0.10110000,0.11210000,3129976.00000000,1657756799999,332504.98050000,1640,1441160.00000000,152141.98060000,0
2022-07-14,0.11180000,0.11470000,0.10530000,0.11420000,2147362.00000000,1657843199999,236661.69230000,1200,974249.00000000,107254.87110000,0
2022-07-15,0.11420000,0.12400000,0.10980000,0.11910000,3744773.00000000,1657929599999,444383.08030000,2155,1894634.00000000,224938.87610000,0
2022-07-16,0.11980000,0.12220000,0.11380000,0.11980000,2691601.00000000,1658015999999,318290.29250000,1588,1293139.00000000,153280.17020000,0
2022-07-17,0.12020000,0.12520000,0.11640000,0.11660000,1632438.00000000,1658102399999,197195.10360000,1159,797448.00000000,96548.35790000,0
2022-07-18,0.11740000,0.13620000,0.11740000,0.13280000,6132852.00000000,1658188799999,805123.95170000,3729,3043841.00000000,398505.56200000,0
2022-07-19,0.13220000,0.13990000,0.12840000,0.13570000,4141662.00000000,1658275199999,559565.11820000,2893,2097559.00000000,283892.23130000,0
2022-07-20,0.13580000,0.14360000,0.13010000,0.13260000,3492041.00000000,1658361599999,480498.17790000,2730,1433505.00000000,197856.47490000,0
2022-07-21,0.13270000,0.14350000,0.12710000,0.14040000,2821766.00000000,1658447999999,382585.08380000,2015,1263452.00000000,172354.67010000,0
2022-07-22,0.13940000,0.14760000,0.13410000,0.13670000,1879638.00000000,1658534399999,264010.27010000,1241,753159.00000000,106170.71800000,0
2022-07-23,0.13660000,0.14400000,0.12930000,0.13490000,2845750.00000000,1658620799999,386108.77670000,1868,1191772.00000000,162561.31720000,0
2022-07-24,0.13480000,0.13890000,0.12890000,0.13020000,1853956.00000000,1658707199999,249222.24060000,1669,907176.00000000,122716.06950000,0
2022-07-25,0.13020000,0.13390000,0.12320000,0.12320000,2094279.00000000,1658793599999,272363.80470000,1223,853599.00000000,111275.58180000,0
2022-07-26,0.12340000,0.12360000,0.11470000,0.12060000,3005932.00000000,1658879999999,354800.15080000,1253,1476956.00000000,174640.11650000,0
2022-07-27,0.12040000,0.12920000,0.11720000,0.12920000,3267966.00000000,1658966399999,399970.99220000,1748,1208073.00000000,148023.35600000,0
2022-07-28,0.12830000,0.15290000,0.12530000,0.13590000,4593281.00000000,1659052799999,620099.21720000,3106,2358584.00000000,320220.80790000,0
2022-07-29,0.13680000,0.14220000,0.13240000,0.13530000,2166072.00000000,1659139199999,297610.93310000,1394,1136927.00000000,156566.51920000,0
2022-07-30,0.13520000,0.15350000,0.13520000,0.14530000,4843005.00000000,1659225599999,710523.71980000,3267,2544979.00000000,373977.58540000,0
2022-07-31,0.14600000,0.16150000,0.14190000,0.14410000,7798021.00000000,1659311999999,1193122.51110000,4711,3363792.00000000,513285.16150000,0
2022-08-01,0.14400000,0.15590000,0.14200000,0.15460000,2191001.00000000,1659398399999,328183.61530000,1911,1128489.00000000,169762.72870000,0
2022-08-02,0.15350000,0.15550000,0.13860000,0.14320000,2594027.00000000,1659484799999,373020.32400000,1740,1210655.00000000,173852.13980000,0
2022-08-03,0.14390000,0.14910000,0.14000000,0.14500000,1596916.00000000,1659571199999,232293.70340000,1335,870478.00000000,126757.14340000,0
2022-08-04,0.14480000,0.14920000,0.13750000,0.13920000,1422550.00000000,1659657599999,203881.09660000,1060,666539.00000000,95637.48970000,0
2022-08-05,0.13920000,0.16000000,0.13920000,0.14960000,3056733.00000000,1659743999999,451586.57240000,2468,1698217.00000000,251929.51450000,0
2022-08-06,0.15100000,0.17000000,0.14960000,0.15800000,6799703.00000000,1659830399999,1087733.05470000,4412,3308876.00000000,530036.04170000,0
2022-08-07,0.15820000,0.16310000,0.15410000,0.15860000,2699003.00000000,1659916799999,430478.12370000,1498,1328375.00000000,212285.26120000,0
2022-08-08,0.15920000,0.17520000,0.15920000,0.16750000,3585514.00000000,1660003199999,607212.50750000,2559,1498209.00000000,253649.74100000,0
2022-08-09,0.16750000,0.17700000,0.15770000,0.17640000,3913476.00000000,1660089599999,653917.91180000,2685,1928324.00000000,323383.77110000,0
2022-08-10,0.17670000,0.17950000,0.15850000,0.17050000,7002680.00000000,1660175999999,1176724.76230000,5026,3309074.00000000,556283.16100000,0
2022-08-11,0.17050000,0.17330000,0.16270000,0.16480000,2875050.00000000,1660262399999,489035.82960000,2195,1475026.00000000,251148.76020000,0
2022-08-12,0.16390000,0.18390000,0.16130000,0.17480000,2975081.00000000,1660348799999,514666.42810000,2925,1382749.00000000,239298.91080000,0
2022-08-13,0.17500000,0.17600000,0.16630000,0.17150000,2040373.00000000,1660435199999,348647.94880000,2029,1058196.00000000,181323.01570000,0
2022-08-14,0.17200000,0.18080000,0.16340000,0.16430000,2280238.00000000,1660521599999,394319.12760000,2071,968855.00000000,168060.79400000,0
2022-08-15,0.16400000,0.17020000,0.15580000,0.15690000,3136352.00000000,1660607999999,503929.82230000,2508,1165856.00000000,188430.42950000,0
2022-08-16,0.15710000,0.16330000,0.15320000,0.15470000,2384547.00000000,1660694399999,373040.04720000,1486,1633318.00000000,256102.07000000,0
2022-08-17,0.15460000,0.16090000,0.14250000,0.14520000,1607870.00000000,1660780799999,242102.98430000,1468,793164.00000000,120539.38250000,0
2022-08-18,0.14490000,0.14840000,0.13390000,0.13420000,1187676.00000000,1660867199999,169864.07600000,1182,429380.00000000,61315.34350000,0
2022-08-19,0.13450000,0.13650000,0.12480000,0.12830000,2864812.00000000,1660953599999,367277.15320000,2098,1574876.00000000,201832.25610000,0
2022-08-20,0.12800000,0.13140000,0.11940000,0.12270000,730323.00000000,1661039999999,92099.54790000,675,380487.00000000,48030.93980000,0
2022-08-21,0.12340000,0.33800000,0.12310000,0.13820000,50827798.00000000,1661126399999,8309720.92140000,46243,23654258.00000000,3884067.58980000,0
2022-08-22,0.13830000,0.14030000,0.12390000,0.12820000,7588452.00000000,1661212799999,990437.27570000,4225,3444639.00000000,449063.10130000,0
2022-08-23,0.12810000,0.13370000,0.12430000,0.12950000,3340676.00000000,1661299199999,432728.71980000,1846,1674465.00000000,217190.21030000,0
2022-08-24,0.12960000,0.13600000,0.12810000,0.13280000,2369695.00000000,1661385599999,314268.71350000,1538,1209322.00000000,160638.15900000,0
2022-08-25,0.13350000,0.14070000,0.13300000,0.13800000,3151888.00000000,1661471999999,434050.63060000,1940,1669247.00000000,229973.91660000,0
2022-08-26,0.13780000,0.14130000,0.12360000,0.12470000,4109717.00000000,1661558399999,552220.56160000,2408,1609107.00000000,217126.82090000,0
2022-08-27,0.12470000,0.12600000,0.12090000,0.12360000,1705699.00000000,1661644799999,211128.19090000,897,777087.00000000,96392.90360000,0
2022-08-28,0.12380000,0.12650000,0.11990000,0.12020000,1175721.00000000,1661731199999,145243.60650000,606,583642.00000000,72294.27430000,0
2022-08-29,0.12050000,0.13090000,0.11770000,0.13090000,1269609.00000000,1661817599999,157913.00030000,835,629329.00000000,78331.37130000,0
2022-08-30,0.13040000,0.13420000,0.12370000,0.13260000,2336246.00000000,1661903999999,302752.68530000,1666,1177500.00000000,152762.44450000,0
2022-08-31,0.13280000,0.13610000,0.13160000,0.13240000,1319312.00000000,1661990399999,176860.34430000,1083,682347.00000000,91546.14410000,0
2022-09-01,0.13220000,0.14030000,0.13070000,0.13960000,2702113.00000000,1662076799999,366273.36460000,1994,1406538.00000000,190753.87480000,0
2022-09-02,0.13990000,0.13990000,0.13170000,0.13530000,1764443.00000000,1662163199999,239265.74630000,1006,1004532.00000000,136222.89570000,0
2022-09-03,0.13460000,0.14140000,0.13390000,0.13630000,1611151.00000000,1662249599999,221211.65650000,1045,871938.00000000,119878.26720000,0
2022-09-04,0.13650000,0.14040000,0.13410000,0.13840000,897797.00000000,1662335999999,122515.90130000,665,450560.00000000,61801.95670000,0
2022-09-05,0.13930000,0.14860000,0.13900000,0.14500000,7593413.00000000,1662422399999,1093339.94630000,5291,3491994.00000000,503828.07450000,0
2022-09-06,0.14470000,0.14560000,0.12660000,0.12690000,3131417.00000000,1662508799999,425412.37500000,1960,1375678.00000000,188181.11690000,0
2022-09-07,0.12730000,0.13240000,0.12660000,0.12940000,2018329.00000000,1662595199999,261887.26360000,1350,898336.00000000,116569.67730000,0
2022-09-08,0.12990000,0.13170000,0.12750000,0.13090000,1756325.00000000,1662681599999,227323.29870000,1087,1002504.00000000,129744.97060000,0
2022-09-09,0.13140000,0.13850000,0.13050000,0.13750000,2314928.00000000,1662767999999,313109.46220000,1790,1148444.00000000,155726.04050000,0
2022-09-10,0.13760000,0.14290000,0.13690000,0.13880000,2038643.00000000,1662854399999,284273.86780000,1545,1002007.00000000,139873.63070000,0
2022-09-11,0.13930000,0.14850000,0.13490000,0.13780000,4378707.00000000,1662940799999,613400.45010000,2567,2225880.00000000,311947.63760000,0
2022-09-12,0.13770000,0.14120000,0.13210000,0.13470000,2458441.00000000,1663027199999,336083.06760000,1581,1308973.00000000,179495.44270000,0
2022-09-13,0.13410000,0.13550000,0.12370000,0.12430000,2202947.00000000,1663113599999,283396.86890000,1491,970170.00000000,125075.02080000,0
2022-09-14,0.12410000,0.12710000,0.12140000,0.12500000,2651511.00000000,1663199999999,329715.07700000,1235,1201284.00000000,149196.71560000,0
2022-09-15,0.12460000,0.12520000,0.11790000,0.12050000,1372307.00000000,1663286399999,166313.08250000,994,706498.00000000,85704.08990000,0
2022-09-16,0.12060000,0.12230000,0.11830000,0.12110000,1387986.00000000,1663372799999,167076.64850000,852,624692.00000000,75256.73560000,0
2022-09-17,0.12160000,0.12650000,0.12120000,0.12520000,1416076.00000000,1663459199999,175281.73730000,885,713092.00000000,88313.58510000,0
2022-09-18,0.12530000,0.12530000,0.11310000,0.11400000,807701.00000000,1663545599999,96819.37780000,731,322424.00000000,38716.28620000,0
2022-09-19,0.11440000,0.11790000,0.10990000,0.11510000,1571889.00000000,1663631999999,177417.35290000,1098,838670.00000000,94632.25440000,0
2022-09-20,0.11570000,0.11580000,0.11100000,0.11160000,1323402.00000000,1663718399999,149769.98270000,1053,585492.00000000,66313.16900000,0
2022-09-21,0.11140000,0.11700000,0.10630000,0.10860000,2005220.00000000,1663804799999,223942.28220000,1412,801514.00000000,89678.83070000,0
2022-09-22,0.10840000,0.11980000,0.10790000,0.11560000,1724857.00000000,1663891199999,196859.72000000,1230,771145.00000000,88058.86710000,0
2022-09-23,0.11570000,0.11800000,0.11050000,0.11570000,2409419.00000000,1663977599999,275332.14410000,1394,1000496.00000000,114482.58870000,0
2022-09-24,0.11650000,0.11710000,0.11280000,0.11350000,673668.00000000,1664063999999,77634.32440000,372,317568.00000000,36580.09200000,0
2022-09-25,0.11320000,0.11500000,0.10990000,0.11130000,632149.00000000,1664150399999,70952.91130000,437,256476.00000000,28959.94420000,0
2022-09-26,0.11040000,0.11400000,0.10890000,0.11290000,876254.00000000,1664236799999,97815.82100000,551,431350.00000000,48265.79650000,0
2022-09-27,0.11340000,0.11920000,0.11150000,0.11390000,1160311.00000000,1664323199999,135020.54480000,954,503534.00000000,58636.59360000,0
2022-09-28,0.11350000,0.11570000,0.10990000,0.11450000,918656.00000000,1664409599999,103927.31270000,790,387939.00000000,44024.54270000,0
2022-09-29,0.11500000,0.11850000,0.11300000,0.11820000,740704.00000000,1664495999999,85492.80730000,636,334445.00000000,38620.90280000,0
2022-09-30,0.11820000,0.12800000,0.11610000,0.11820000,10856804.00000000,1664582399999,1322443.61830000,5672,4690044.00000000,572050.93510000,0
2022-10-01,0.11780000,0.12090000,0.11750000,0.11930000,665749.00000000,1664668799999,79259.79790000,695,307909.00000000,36659.96620000,0
2022-10-02,0.11930000,0.12060000,0.11400000,0.11500000,786372.00000000,1664755199999,92070.69100000,722,380598.00000000,44504.14210000,0
2022-10-03,0.11500000,0.12650000,0.11430000,0.12580000,7696937.00000000,1664841599999,943247.02030000,5069,3671239.00000000,450507.37850000,0
2022-10-04,0.12590000,0.12710000,0.12200000,0.12580000,1657826.00000000,1664927999999,205626.27340000,1250,777090.00000000,96479.73560000,0
2022-10-05,0.12540000,0.13420000,0.12200000,0.12820000,4055799.00000000,1665014399999,516451.94560000,2771,1967745.00000000,251307.33330000,0
2022-10-06,0.12820000,0.13250000,0.12630000,0.13000000,5135945.00000000,1665100799999,667612.92700000,2671,1884471.00000000,244957.11220000,0
2022-10-07,0.13050000,0.13320000,0.12710000,0.13300000,2337217.00000000,1665187199999,304791.84470000,1572,1178808.00000000,153916.15480000,0
2022-10-08,0.13300000,0.13450000,0.13010000,0.13140000,629363.00000000,1665273599999,83271.53600000,638,275546.00000000,36497.73400000,0
2022-10-09,0.13160000,0.13400000,0.12490000,0.12630000,1690982.00000000,1665359999999,218045.72490000,1295,722955.00000000,93432.66250000,0
2022-10-10,0.12620000,0.12790000,0.12060000,0.12160000,1374253.00000000,1665446399999,169896.72960000,1251,473763.00000000,58627.51730000,0
2022-10-11,0.12140000,0.12330000,0.11640000,0.12000000,1350196.00000000,1665532799999,161573.21910000,1495,698377.00000000,83691.31040000,0
2022-10-12,0.12020000,0.12180000,0.11780000,0.11940000,551815.00000000,1665619199999,65984.97670000,544,285058.00000000,34146.05740000,0
2022-10-13,0.11910000,0.12060000,0.11030000,0.11650000,1613094.00000000,1665705599999,184370.40040000,1581,842350.00000000,96457.81270000,0
2022-10-14,0.11640000,0.12100000,0.11560000,0.11730000,593423.00000000,1665791999999,70147.77950000,711,279404.00000000,33116.12720000,0
2022-10-15,0.11730000,0.12070000,0.11610000,0.11920000,654702.00000000,1665878399999,77661.32840000,830,308428.00000000,36637.99120000,0
2022-10-16,0.11950000,0.13630000,0.11950000,0.12310000,2415593.00000000,1665964799999,297805.98570000,2502,1305281.00000000,161677.52590000,0
2022-10-17,0.12330000,0.12420000,0.12140000,0.12350000,1076011.00000000,1666051199999,132210.60620000,893,575720.00000000,70790.27410000,0
2022-10-18,0.12400000,0.12610000,0.12050000,0.12120000,2129527.00000000,1666137599999,260935.28840000,1956,1238779.00000000,151953.26860000,0
2022-10-19,0.12140000,0.12170000,0.11430000,0.11440000,1183459.00000000,1666223999999,139401.59100000,1046,535497.00000000,63311.39760000,0
2022-10-20,0.11490000,0.11800000,0.11370000,0.11480000,880519.00000000,1666310399999,101767.55940000,982,548132.00000000,63360.48030000,0
2022-10-21,0.11440000,0.11720000,0.11160000,0.11670000,412017.00000000,1666396799999,47020.02940000,488,257276.00000000,29413.77610000,0
2022-10-22,0.11700000,0.11800000,0.11540000,0.11730000,271269.00000000,1666483199999,31797.41110000,282,94207.00000000,11036.88980000,0
2022-10-23,0.11710000,0.12000000,0.11520000,0.11960000,474467.00000000,1666569599999,55706.37240000,597,245192.00000000,28815.91370000,0
2022-10-24,0.11970000,0.11990000,0.11630000,0.11950000,422997.00000000,1666655999999,50005.19670000,482,227020.00000000,26854.02710000,0
2022-10-25,0.11950000,0.12540000,0.11810000,0.12300000,1200397.00000000,1666742399999,146959.29460000,917,483339.00000000,59002.31960000,0
2022-10-26,0.12300000,0.12680000,0.12290000,0.12610000,1383543.00000000,1666828799999,172915.47830000,899,599811.00000000,74976.94040000,0
2022-10-27,0.12660000,0.13050000,0.12310000,0.12460000,782903.00000000,1666915199999,99502.48590000,811,407240.00000000,51902.55280000,0
2022-10-28,0.12450000,0.12930000,0.12360000,0.12880000,469164.00000000,1667001599999,59490.68200000,606,201687.00000000,25582.37930000,0
2022-10-29,0.12870000,0.13550000,0.12790000,0.13120000,1194457.00000000,1667087999999,156471.58710000,1103,662123.00000000,86844.32100000,0
2022-10-30,0.13140000,0.13840000,0.12860000,0.13070000,784488.00000000,1667174399999,104787.40370000,901,417047.00000000,55756.20180000,0
2022-10-31,0.13090000,0.13270000,0.12660000,0.13220000,820315.00000000,1667260799999,106329.92340000,830,569016.00000000,73877.55060000,0
2022-11-01,0.13230000,0.13550000,0.12800000,0.12900000,717977.00000000,1667347199999,95411.65330000,724,265898.00000000,35429.38690000,0
2022-11-02,0.12850000,0.13270000,0.12270000,0.12450000,1123863.00000000,1667433599999,142689.91130000,1017,594117.00000000,75519.61710000,0
2022-11-03,0.12470000,0.14530000,0.12470000,0.14150000,4347532.00000000,1667519999999,601199.27030000,4447,2312695.00000000,320029.23170000,0
2022-11-04,0.14120000,0.15210000,0.13550000,0.14600000,4815938.00000000,1667606399999,696277.04080000,4103,2195671.00000000,317631.74220000,0
2022-11-05,0.14610000,0.14810000,0.13870000,0.14100000,1982339.00000000,1667692799999,283503.42720000,2219,864819.00000000,123705.57460000,0
2022-11-06,0.14060000,0.14470000,0.13330000,0.13350000,1572216.00000000,1667779199999,220428.38380000,1568,630265.00000000,88556.07050000,0
2022-11-07,0.13370000,0.13610000,0.13000000,0.13230000,984665.00000000,1667865599999,131396.77410000,1001,519611.00000000,69344.68540000,0
2022-11-08,0.13260000,0.13420000,0.10120000,0.11290000,6316900.00000000,1667951999999,760442.14710000,5605,3074811.00000000,370236.28580000,0
2022-11-09,0.11310000,0.11370000,0.08000000,0.08530000,7150553.00000000,1668038399999,679703.75950000,5559,3144763.00000000,299509.08720000,0
2022-11-10,0.08450000,0.10210000,0.08390000,0.09900000,3448542.00000000,1668124799999,325188.89280000,3586,1771147.00000000,167106.25060000,0
2022-11-11,0.09910000,0.09980000,0.08980000,0.09340000,2273093.00000000,1668211199999,213206.51650000,1760,1125257.00000000,105581.58140000,0
2022-11-12,0.09370000,0.09370000,0.08750000,0.08940000,957294.00000000,1668297599999,86060.33900000,863,474413.00000000,42658.25890000,0
2022-11-13,0.08910000,0.09210000,0.08570000,0.08890000,1377852.00000000,1668383999999,122199.40120000,1641,658893.00000000,58505.53570000,0
2022-11-14,0.08880000,0.09280000,0.08280000,0.09080000,2296626.00000000,1668470399999,202170.70340000,1882,1035609.00000000,91001.52840000,0
2022-11-15,0.09120000,0.09620000,0.09040000,0.09150000,1796781.00000000,1668556799999,167038.79700000,1420,858621.00000000,79870.82570000,0
2022-11-16,0.09170000,0.09430000,0.08940000,0.09020000,1188548.00000000,1668643199999,108608.77150000,881,645452.00000000,58989.47090000,0
2022-11-17,0.09060000,0.09260000,0.08870000,0.09010000,749019.00000000,1668729599999,67652.66410000,547,450308.00000000,40653.66060000,0
2022-11-18,0.09010000,0.09200000,0.08780000,0.08860000,442659.00000000,1668815999999,39756.18940000,379,220617.00000000,19845.12610000,0
2022-11-19,0.08860000,0.08930000,0.08670000,0.08850000,428156.00000000,1668902399999,37710.59480000,394,149675.00000000,13184.56730000,0
2022-11-20,0.08840000,0.09240000,0.08650000,0.08670000,1560777.00000000,1668988799999,139349.42190000,1613,769600.00000000,68923.25540000,0
2022-11-21,0.08650000,0.08670000,0.08100000,0.08240000,1157535.00000000,1669075199999,97026.66660000,1280,545958.00000000,45796.91830000,0
2022-11-22,0.08310000,0.08530000,0.07990000,0.08510000,1035211.00000000,1669161599999,85577.88990000,1309,483642.00000000,40042.59710000,0
2022-11-23,0.08500000,0.09020000,0.08440000,0.08910000,1605772.00000000,1669247999999,141447.12440000,1783,706146.00000000,62236.28140000,0
2022-11-24,0.08940000,0.09080000,0.08790000,0.08900000,1070473.00000000,1669334399999,95775.57180000,1027,587557.00000000,52599.78350000,0
2022-11-25,0.08900000,0.09090000,0.08640000,0.08940000,879670.00000000,1669420799999,78071.98550000,938,473794.00000000,42106.06630000,0
2022-11-26,0.08960000,0.09200000,0.08910000,0.08980000,766306.00000000,1669507199999,69350.49960000,601,339137.00000000,30770.76620000,0
2022-11-27,0.08990000,0.09380000,0.08980000,0.09020000,908398.00000000,1669593599999,83239.68880000,951,439504.00000000,40291.78870000,0
2022-11-28,0.09000000,0.09480000,0.08600000,0.09220000,3864803.00000000,1669679999999,352753.03380000,2433,1674205.00000000,153000.53400000,0
2022-11-29,0.09210000,0.09740000,0.09010000,0.09460000,6726439.00000000,1669766399999,637884.23260000,4150,2946316.00000000,279665.67390000,0
2022-11-30,0.09530000,0.09760000,0.09340000,0.09690000,1859720.00000000,1669852799999,177510.22280000,1485,1069784.00000000,102200.65030000,0
2022-12-01,0.09670000,0.09840000,0.09440000,0.09520000,1756227.00000000,1669939199999,168954.40260000,1190,701955.00000000,67583.29870000,0
2022-12-02,0.09540000,0.09830000,0.09420000,0.09790000,2018134.00000000,1670025599999,194374.40670000,1481,965737.00000000,93063.93680000,0
2022-12-03,0.09800000,0.09900000,0.09480000,0.09500000,1005453.00000000,1670111999999,97627.76130000,769,457437.00000000,44418.30850000,0
2022-12-04,0.09500000,0.09640000,0.09360000,0.09600000,871953.00000000,1670198399999,82725.60350000,726,445202.00000000,42260.81980000,0
2022-12-05,0.09570000,0.09730000,0.09220000,0.09360000,2152397.00000000,1670284799999,204585.41140000,1431,882771.00000000,83900.71160000,0
2022-12-06,0.09400000,0.09490000,0.09320000,0.09440000,468855.00000000,1670371199999,44063.88990000,366,206827.00000000,19449.92460000,0
2022-12-07,0.09450000,0.09460000,0.08980000,0.09130000,690002.00000000,1670457599999,62883.21250000,567,282824.00000000,25835.97230000,0
2022-12-08,0.09140000,0.09360000,0.08970000,0.09330000,1043468.00000000,1670543999999,95753.68070000,1099,575864.00000000,52824.24470000,0
2022-12-09,0.09310000,0.09380000,0.09150000,0.09230000,1793295.00000000,1670630399999,166227.37900000,1796,1048528.00000000,97202.88670000,0
2022-12-10,0.09250000,0.09760000,0.09230000,0.09310000,5759791.00000000,1670716799999,545148.81300000,3690,2756288.00000000,260766.50000000,0
2022-12-11,0.09320000,0.09460000,0.09160000,0.09160000,1809846.00000000,1670803199999,169410.52860000,1887,940951.00000000,88127.46590000,0
2022-12-12,0.09170000,0.09190000,0.08840000,0.08960000,1690602.00000000,1670889599999,151607.43480000,1744,939159.00000000,84258.52100000,0
2022-12-13,0.08970000,0.09290000,0.08530000,0.09030000,3027429.00000000,1670975999999,270944.99180000,2350,1428703.00000000,128058.12360000,0
2022-12-14,0.09040000,0.09180000,0.08800000,0.08960000,1999515.00000000,1671062399999,181062.93670000,1858,1044239.00000000,94525.17560000,0
2022-12-15,0.08950000,0.08970000,0.08730000,0.08780000,1474368.00000000,1671148799999,130804.09620000,1296,806608.00000000,71608.28930000,0
2022-12-16,0.08770000,0.08860000,0.07790000,0.07910000,1506650.00000000,1671235199999,128057.26980000,1278,784543.00000000,66989.77870000,0
2022-12-17,0.07880000,0.08180000,0.07700000,0.08160000,726536.00000000,1671321599999,57603.34580000,488,385890.00000000,30401.45580000,0
2022-12-18,0.08080000,0.08120000,0.07910000,0.08050000,591684.00000000,1671407999999,47350.81430000,466,315794.00000000,25267.07740000,0
2022-12-19,0.08090000,0.08170000,0.07490000,0.07560000,1328757.00000000,1671494399999,105822.12750000,806,600970.00000000,47916.00930000,0
2022-12-20,0.07570000,0.08040000,0.07570000,0.07990000,570501.00000000,1671580799999,45047.00020000,405,234291.00000000,18492.33110000,0
2022-12-21,0.07980000,0.08000000,0.07840000,0.07930000,335438.00000000,1671667199999,26617.12770000,463,174990.00000000,13899.98050000,0
2022-12-22,0.07930000,0.08140000,0.07870000,0.08140000,1659087.00000000,1671753599999,133084.65230000,1106,790390.00000000,63416.25700000,0
2022-12-23,0.08140000,0.08200000,0.08070000,0.08150000,433939.00000000,1671839999999,35299.33730000,459,238537.00000000,19418.32280000,0
2022-12-24,0.08140000,0.08210000,0.08090000,0.08140000,340330.00000000,1671926399999,27754.30040000,374,126948.00000000,10356.20320000,0
2022-12-25,0.08150000,0.08180000,0.08010000,0.08090000,398899.00000000,1672012799999,32303.13440000,514,132235.00000000,10717.22590000,0
2022-12-26,0.08090000,0.08310000,0.08090000,0.08310000,349585.00000000,1672099199999,28709.14170000,372,196075.00000000,16092.60440000,0
2022-12-27,0.08290000,0.08360000,0.08150000,0.08260000,666925.00000000,1672185599999,55147.38980000,555,302812.00000000,25057.27340000,0
2022-12-28,0.08280000,0.08350000,0.07990000,0.08220000,519905.00000000,1672271999999,42535.83780000,729,190729.00000000,15639.64330000,0
2022-12-29,0.08210000,0.08450000,0.07980000,0.08160000,4307395.00000000,1672358399999,353187.89160000,2642,2179763.00000000,179381.50910000,0
2022-12-30,0.08110000,0.08170000,0.07920000,0.08120000,291415.00000000,1672444799999,23468.58800000,540,144763.00000000,11680.06210000,0
2022-12-31,0.08120000,0.08440000,0.08120000,0.08310000,1955172.00000000,1672531199999,162854.07660000,1226,931405.00000000,77481.56900000,0
2023-01-01,0.08320000,0.08390000,0.08150000,0.08170000,458781.00000000,1672617599999,38011.10360000,291,210610.00000000,17495.38410000,0
2023-01-02,0.08190000,0.08350000,0.08060000,0.08270000,485255.00000000,1672703999999,39940.85310000,340,180705.00000000,14841.62140000,0
2023-01-03,0.08280000,0.08500000,0.08260000,0.08360000,152509.00000000,1672790399999,12775.31730000,234,86359.00000000,7253.44270000,0
2023-01-04,0.08360000,0.08590000,0.08360000,0.08510000,305610.00000000,1672876799999,25985.10470000,323,168272.00000000,14316.93260000,0
2023-01-05,0.08530000,0.08690000,0.08480000,0.08570000,306931.00000000,1672963199999,26366.48270000,335,180126.00000000,15496.59420000,0
2023-01-06,0.08590000,0.08750000,0.08380000,0.08700000,340813.00000000,1673049599999,29329.11930000,297,154654.00000000,13312.13230000,0
2023-01-07,0.08730000,0.08790000,0.08670000,0.08670000,127206.00000000,1673135999999,11103.74160000,88,70979.00000000,6204.33510000,0
2023-01-08,0.08680000,0.09050000,0.08530000,0.09050000,465929.00000000,1673222399999,40648.13750000,375,244576.00000000,21423.64930000,0
2023-01-09,0.09040000,0.09480000,0.09040000,0.09190000,752587.00000000,1673308799999,69526.36500000,928,312968.00000000,28940.42620000,0
2023-01-10,0.09230000,0.09450000,0.09050000,0.09390000,532571.00000000,1673395199999,49573.75470000,822,272999.00000000,25409.54520000,0
2023-01-11,0.09390000,0.09680000,0.08930000,0.09650000,796459.00000000,1673481599999,73639.82910000,894,340137.00000000,31565.07470000,0
2023-01-12,0.09660000,0.10200000,0.09240000,0.09790000,3874891.00000000,1673567999999,383214.59990000,3376,2091823.00000000,206916.18080000,0
2023-01-13,0.09810000,0.10760000,0.09620000,0.10300000,7238539.00000000,1673654399999,745739.47450000,4237,3264513.00000000,336410.42040000,0
2023-01-14,0.10310000,0.10900000,0.09350000,0.10190000,4076569.00000000,1673740799999,417695.13520000,2946,1650553.00000000,169109.95480000,0
2023-01-15,0.10210000,0.10320000,0.09790000,0.10090000,1724044.00000000,1673827199999,174558.15890000,1266,768131.00000000,77968.06620000,0
2023-01-16,0.10100000,0.10530000,0.09790000,0.10210000,1875440.00000000,1673913599999,190755.87000000,1576,838469.00000000,85436.42110000,0
2023-01-17,0.10140000,0.10560000,0.10000000,0.10250000,1890224.00000000,1673999999999,194738.94830000,1560,1005927.00000000,103731.10080000,0
2023-01-18,0.10250000,0.10660000,0.09300000,0.09330000,3031140.00000000,1674086399999,304402.68810000,2677,1299793.00000000,130938.92220000,0
2023-01-19,0.09330000,0.09490000,0.09060000,0.09290000,1445832.00000000,1674172799999,134197.77280000,1247,615415.00000000,57181.36630000,0
2023-01-20,0.09260000,0.10020000,0.09120000,0.10010000,1292773.00000000,1674259199999,121861.59800000,1353,665181.00000000,62935.74930000,0
2023-01-21,0.10000000,0.11770000,0.09980000,0.10390000,16067449.00000000,1674345599999,1756606.27710000,11501,8048596.00000000,873307.53220000,0
2023-01-22,0.10400000,0.11190000,0.10350000,0.10830000,3874446.00000000,1674431999999,420414.38790000,3846,1764360.00000000,191591.53420000,0
2023-01-23,0.10850000,0.11220000,0.10800000,0.11040000,2012074.00000000,1674518399999,221344.05910000,2351,1067555.00000000,117437.07000000,0
2023-01-24,0.11040000,0.14580000,0.10950000,0.12940000,73050087.00000000,1674604799999,9995585.84350000,54893,35419615.00000000,4845815.62390000,0
2023-01-25,0.12920000,0.14420000,0.12010000,0.13990000,33081521.00000000,1674691199999,4328556.57620000,25440,15906632.00000000,2082338.19230000,0
2023-01-26,0.14050000,0.15660000,0.13680000,0.14790000,20193788.00000000,1674777599999,2967377.27740000,17088,9494984.00000000,1394642.24350000,0
2023-01-27,0.14760000,0.15500000,0.14490000,0.14820000,7703956.00000000,1674863999999,1152643.08020000,7261,3995000.00000000,598470.04270000,0
2023-01-28,0.14850000,0.15550000,0.13790000,0.14240000,7962761.00000000,1674950399999,1153927.96810000,7882,3868184.00000000,562081.65590000,0
2023-01-29,0.14240000,0.15240000,0.14080000,0.15120000,5061614.00000000,1675036799999,734069.82750000,4950,2709895.00000000,394468.55210000,0
2023-01-30,0.15130000,0.16670000,0.13260000,0.13930000,22508135.00000000,1675123199999,3434675.09290000,18977,10068925.00000000,1539080.22150000,0
2023-01-31,0.13970000,0.16620000,0.13840000,0.15460000,15623999.00000000,1675209599999,2440143.76190000,15493,8137644.00000000,1272980.50330000,0
2023-02-01,0.15450000,0.16820000,0.14880000,0.16650000,12740021.00000000,1675295999999,2008880.10050000,11860,6492017.00000000,1023347.18000000,0
2023-02-02,0.16660000,0.18290000,0.16560000,0.17630000,15335223.00000000,1675382399999,2654074.13600000,14163,7350860.00000000,1273175.22790000,0
2023-02-03,0.17610000,0.18210000,0.16000000,0.17920000,11862223.00000000,1675468799999,2087415.65400000,11508,5541086.00000000,977100.52110000,0
2023-02-04,0.17900000,0.18600000,0.17160000,0.17830000,6806842.00000000,1675555199999,1217818.77640000,8094,3317199.00000000,593983.69310000,0
2023-02-05,0.17830000,0.18270000,0.16000000,0.16250000,8524024.00000000,1675641599999,1449390.02790000,8011,3512518.00000000,597951.60740000,0
2023-02-06,0.16250000,0.16590000,0.15150000,0.15340000,9752838.00000000,1675727999999,1549924.62240000,8409,4778779.00000000,760190.14430000,0
2023-02-07,0.15360000,0.17900000,0.15220000,0.17190000,10322720.00000000,1675814399999,1697543.17120000,9433,5398185.00000000,887975.67080000,0
2023-02-08,0.17190000,0.17390000,0.15780000,0.16110000,6082861.00000000,1675900799999,1007822.81810000,6272,2653671.00000000,439865.54190000,0
2023-02-09,0.16130000,0.16850000,0.14080000,0.14480000,8900705.00000000,1675987199999,1413464.27540000,9358,4476293.00000000,712032.53170000,0
2023-02-10,0.14480000,0.26400000,0.14300000,0.18600000,225141670.00000000,1676073599999,46489458.20450000,203352,109526981.00000000,22620127.16740000,0
2023-02-11,0.18610000,0.23720000,0.18180000,0.22310000,133155920.00000000,1676159999999,28117297.51110000,117718,64925087.00000000,13722227.27320000,0
2023-02-12,0.22310000,0.28300000,0.21420000,0.23880000,114353660.00000000,1676246399999,28803907.33820000,121133,55625224.00000000,14029043.17070000,0
2023-02-13,0.23880000,0.24230000,0.20250000,0.20860000,31159620.00000000,1676332799999,6958552.99540000,31821,14854712.00000000,3321741.62160000,0
2023-02-14,0.20870000,0.23440000,0.20370000,0.22840000,26926513.00000000,1676419199999,5840491.44940000,22366,13812057.00000000,3004919.40690000,0
2023-02-15,0.22840000,0.30420000,0.22570000,0.28300000,60816989.00000000,1676505599999,16156385.84620000,66499,29227728.00000000,7780986.66890000,0
2023-02-16,0.28370000,0.30370000,0.25620000,0.25780000,23530714.00000000,1676591999999,6626577.40500000,28492,10740963.00000000,3033299.29140000,0
2023-02-17,0.25780000,0.27080000,0.24120000,0.24950000,10123650.00000000,1676678399999,2577841.79810000,11187,4547489.00000000,1159052.48420000,0
2023-02-18,0.24970000,0.26520000,0.24000000,0.24280000,11330539.00000000,1676764799999,2860650.52850000,10280,4795403.00000000,1213176.72670000,0
2023-02-19,0.24310000,0.24780000,0.22550000,0.22900000,8783507.00000000,1676851199999,2082593.42800000,9671,4222599.00000000,1002602.35440000,0
2023-02-20,0.22970000,0.24480000,0.21660000,0.24180000,13197607.00000000,1676937599999,3110668.36190000,13639,6780202.00000000,1600182.14610000,0
2023-02-21,0.24230000,0.24320000,0.20750000,0.21510000,6262509.00000000,1677023999999,1393340.44660000,7455,2580635.00000000,573992.64480000,0
2023-02-22,0.21530000,0.22330000,0.20480000,0.22070000,8515646.00000000,1677110399999,1836171.51100000,8858,4190936.00000000,905033.37890000,0
2023-02-23,0.22010000,0.22770000,0.21030000,0.21930000,8696723.00000000,1677196799999,1920079.71020000,7158,4661574.00000000,1030299.23550000,0
2023-02-24,0.21990000,0.22300000,0.19450000,0.20010000,4954787.00000000,1677283199999,1023671.07370000,5215,1966946.00000000,407110.09700000,0
2023-02-25,0.20100000,0.21190000,0.19770000,0.20880000,4582562.00000000,1677369599999,936042.80120000,4843,2270846.00000000,464497.99190000,0
2023-02-26,0.20790000,0.21680000,0.20620000,0.21450000,2746703.00000000,1677455999999,584818.40980000,2896,1475078.00000000,313967.05820000,0
2023-02-27,0.21460000,0.21840000,0.20430000,0.21280000,2840877.00000000,1677542399999,599826.62900000,3198,1443147.00000000,304921.54320000,0
2023-02-28,0.21400000,0.23780000,0.21210000,0.21960000,16156545.00000000,1677628799999,3660584.52670000,15057,7818124.00000000,1772629.58740000,0
2023-03-01,0.21960000,0.23870000,0.21850000,0.23740000,4991805.00000000,1677715199999,1153897.28400000,4535,2858796.00000000,659961.45120000,0
